Deaf DB: Title (auto)	Deaf DB: Year (auto)	IMDb ID used	IMDb ID source	Metadata file	Popularity rank	Popularity year	Metadata title	Genre	Sources	DMDb: Category	DMDb: Deaf Actor	DMDb: Deaf Director	SoS: Tags	Wikipedia: Description	IMDb HoH: Description	SoS: Summary
Edison, the Man	1940	tt0032432	manual	1922-1979	13	1940	Edison, the Man	Biography,Drama	Sign on Screen				biopic; deafened by illness; Deaf Gain; drama			Spencer Tracy in biopic of Thomas Edison, who was partially deafened by scarlet fever in childhood, released the same year as Young Thomas Edison
The Court Jester	1955	tt0049096	manual	1922-1979	32	1956	The Court Jester	Adventure,Comedy,Family	IMDb Deaf Characters							
The Big Sky	1952	tt0044419	manual	1922-1979	36	1952	The Big Sky	Adventure,Drama,Western	Sign on Screen; Hollywood Speaks				western			Howard Hawks Western includes deaf side character
Man of a Thousand Faces	1957	tt0050681	auto	1922-1979	38	1957	Man of a Thousand Faces	Biography,Drama	DMDb; Sign on Screen; IMDb Deaf Characters; Hollywood Speaks	Movies with No Deaf Actors | Supporting Roles			biopic; Coda; Deaf Gain; deaf-hearing relationship			Biopic of Lon Chaney, silent film actor who was Coda and Soda
The Story of Alexander Graham Bell	1939	tt0031981	auto	1922-1979	57	1939	The Story of Alexander Graham Bell	Biography,Drama,History	DMDb; Sign on Screen; IMDb Deaf Characters; Hollywood Speaks	Movies with No Deaf Actors | Supporting Roles			Alexander Graham Bell; biopic; Coda; deaf-hearing relationship; drama; family drama; oralism (repression of sign)			Slightly-fictionalised biopic of oralist and eugenicist Alexander Graham Bell, whose wife and mother were deaf
For the First Time	1959	tt0052817	manual	1922-1979	68	1959	For the First Time	Drama,Musical,Romance	Sign on Screen; Hollywood Speaks				deaf-hearing relationship; music; romance			Opera singer falls in love with deaf woman
The Concorde… Airport '79	1979	tt0078740	manual	1922-1979	78	1979	The Concorde... Airport '79	Action,Drama,Thriller	Sign on Screen				action; drama			Air disaster action drama includes deaf little girl passenger
Diane	1956	tt0049140	manual	1922-1979	100	1956	Diane	Drama,History,Mystery	Sign on Screen				deaf servant; deaf victim/witness; drama			Lana Turner and Roger Moore historical drama includes deaf blacksmith character who witnesses evidence but is assumed unintelligent because he can't speak
You’d Be Surprised	1926	tt0017585	auto	1922-1979	102	1926	You'd Be Surprised	Comedy,Mystery	DMDb; Sign on Screen; IMDb Deaf Characters; Hollywood Speaks	Movies with No Deaf Actors | Leading Roles; Movies	Granville Redomond		comedy; crime/mystery; deaf actor; deaf servant			Murder mystery comedy includes deaf valet (deaf silent actor Granville Redmond)
Flesh and Fury	1952	tt0044622	manual	1922-1979	110	1952	Flesh and Fury	Drama,Sport	Sign on Screen				sports; romance; thriller			Story of a deaf boxer exploited by a gold-digging femme fatale type
Fugitive Lovers	1934	tt0025151	manual	1922-1979	123	1934	Fugitive Lovers	Comedy,Crime,Drama	Sign on Screen				romance; thriller			Gangster-meets-chorus-girl story, IMDb lists American Sign Language (ASL)
The Big Combo	1955	tt0047878	manual	1922-1979	131	1955	The Big Combo	Crime,Drama,Film-Noir	Sign on Screen				crime/mystery; deaf victim/witness; deaf villain/suspect; hearing aid; thriller			Film noir in which deaf gangster who uses hearing aid is demeaned by his boss and later tortured by having his hearing aid forced to maximum volume in a loud cabaret
Against a Crooked Sky	1975	tt0072615	manual	1922-1979	157	1976	Against a Crooked Sky	Adventure,Drama,Family	Sign on Screen; Hollywood Speaks				deaf mystic; Indigenous character/themes; sibling relationship; western			Western in which a brother hunts down the Indian tribe that kidnapped his sister; includes a deaf Indigenous guide
Comanche Station	1960	tt0053729	manual	1922-1979	160	1960	Comanche Station	Drama,Western	Sign on Screen				Indigenous character/themes; western			Western includes dialogue in Indigenous languages, including Turtle Island sign languages
Alias the Deacon	1940	tt0032191	manual	1922-1979	180	1940	Alias the Deacon	Adventure,Comedy	Sign on Screen				crime/mystery; religion			Gambling criminal disguised as small-town deacon gets caught up in a fight, includes deaf woman side character
House of Wax	1953	tt0045888	manual	1922-1979	216	1972	House of Wax	Horror	Sign on Screen				deaf servant; hearing actor in deaf role; horror			Vincent Price horror b-movie includes a mutilated professor and wax figure designer whose assistant, Igor, is deaf but played by Charles Bronson
Hell's Highway	1932	tt0022990	manual	1922-1979	217	1932	Hell's Highway	Action,Crime,Drama	Sign on Screen; Wikipedia				crime/mystery; drama	An American crime drama starring Richard Dix about a chain gang that makes a prison escape. One of the convicts was portrayed by deaf actor Joe Hermano.		Chain gang revolt drama includes dialogue in American Sign Language (ASL)
Charlie Chan at the Olympics	1937	tt0028708	manual	1922-1979	225	1937	Charlie Chan at the Olympics	Mystery	Sign on Screen				deaf servant; thriller			Racist yellowface 'Charlie Chan' thriller includes deaf maid character
Bits of Life	1921	tt0011972	manual	1922-1979	232	1922	Bits of Life	Drama	Hollywood Speaks							
A Woman of Paris: A Drama of Fate	1923	tt0014624	auto	1922-1979	237	1978	A Woman of Paris: A Drama of Fate	Drama,Romance	DMDb	x Silent Movies; x Silent Movies with Deaf Actors | Supporting Roles	Granville Redmond					
The Green Room	1978	tt0077315	manual	1922-1979	259	1979	The Green Room	Drama	Sign on Screen				deaf actor; deaf child; deaf director; family drama			Family drama in which a depressed widower lives with his deaf child (Patrick Maléon) and nanny; decorates a room in their house all green as a shrine to his wife
The Expert	1932	tt0022864	manual	1922-1979	261	1932	The Expert	Comedy,Drama,Romance	Sign on Screen				friendship			Old man comes to live with his daughter, son-in-law and grandson; the grandson and grandfather befriend a group of old men living nearby (including some deaf men)
The Holy Mountain	1973	tt0071615	manual	1922-1979	280	1974	The Holy Mountain	Adventure,Drama,Fantasy	Sign on Screen				deaf artist			Circus story includes a deaf mime who saves the protagonist
Cleopatra	1963	tt0056937	manual	1922-1979	293	1966	Cleopatra	Biography,Drama,History	Sign on Screen				nonverbal			Hearing actor George Cole plays nonverbal (possibly deaf?) character who signs with Caesar
The Flying Marine	1929	tt0019888	manual	1922-1979	303	1929	The Flying Marine	Action,Adventure,Drama	Hollywood Speaks							
The Kid	1921	tt0012349	auto	1922-1979	303	1925	The Kid	Comedy,Drama,Family	DMDb	x Silent Movies; x Silent Movies with Deaf Actors | Supporting Roles	Granville Redmond					
Calling All Husbands	1940	tt0032297	manual	1922-1979	315	1940	Calling All Husbands	Comedy,Romance	Sign on Screen				deaf lawyer; romantic comedy			Rom com includes deaf judge side character
Carry On Doctor	1967	tt0061450	manual	1922-1979	329	1972	Carry on Doctor	Comedy	Sign on Screen				comedy; medical drama			Disgraced doctor comedy includes deaf woman character
Beau Bandit	1930	tt0020672	manual	1922-1979	357	1930	Beau Bandit	Drama,Western	Sign on Screen; Hollywood Speaks				deaf villain/suspect; hearing actor in deaf role; western			Western in which hearing and deaf bandits are pursued by bounty hunters
The Adventures of Huckleberry Finn	1960	tt0053571	manual	1922-1979	368	1962	The Adventures of Huckleberry Finn	Adventure,Comedy,Drama	Hollywood Speaks							
Happiness of Us Alone	1961	tt0055217	manual	1922-1979	394	1963	Happiness of Us Alone	Drama	Sign on Screen; Hollywood Speaks				drama; hearing actor in deaf role			Drama about the challenges and joys of a deaf couple who are infantilised in postwar Japanese society
Happiness of us alone (orig. title: 名もなく貧しく美しく)	1961	tt0055217	manual	1922-1979	394	1963	Happiness of Us Alone	Drama	DMDb	Movies with No Deaf Actors | Leading Roles; Movies						
Casanova '70	1965	tt0059015	manual	1922-1979	422	1966	Casanova 70	Comedy	Sign on Screen; Hollywood Speaks				comedy; hearing character pretending to be deaf			Comedy in which promiscuous soldier has affair with many women, including one married to a count pretending to be deafblind
The Miracle Worker	1962	tt0056241	auto	1922-1979	424	1964	The Miracle Worker	Biography,Drama	DMDb; Sign on Screen; IMDb Deaf Movies; IMDb Deaf Characters; Hollywood Speaks	Movies			accessibility; deafblind character; disability; 'hearing saviour'; hearing teacher; Helen Keller; learning sign; school/university setting			Adaptation of the play about Deafblind woman Helen Keller's life
Chinese Roulette	1976	tt0074312	manual	1922-1979	478	1977	Chinese Roulette	Drama,Thriller	Sign on Screen				disability; family drama			Young disabled girl forces her parents to acknowledge their respective affairs, includes passages in sign language
Criminal Investigator	1942	tt0034621	manual	1922-1979	482	1943	Criminal Investigator	Crime,Drama,Film-Noir	Sign on Screen				crime/mystery; deaf villain/suspect; deaf victim/witness; thriller			Film noir in which a detective questions one character in American Sign Language (ASL)
Gigot	1962	tt0056017	manual	1922-1979	487	1963	Gigot	Comedy	Sign on Screen				deaf-hearing relationship; friendship; sex work			A deaf janitor befriends the daughter of a sex worker
Johnny Belinda	1948	tt0040495	auto	1922-1979	495	1956	Johnny Belinda	Drama	DMDb; Sign on Screen; IMDb Deaf Movies; IMDb Deaf Characters; Hollywood Speaks	Movies with No Deaf Actors | Leading Roles; Movies			deaf character inspires hearing character’s self-actualisation; deaf victim/witness; hearing actor in deaf role; hearing teacher; isolation; learning sign			Young deaf woman is tutored in sign by a hearing doctor, but then is raped by another man and falls pregnant
Eroica	1949	tt0041335	manual	1922-1979	523	1952	Eroica	Biography,Drama,Music	Sign on Screen				adapting to deafness; Beethoven; biopic; deaf musician/dancer; drama; hearing actor in deaf role; music; progressive hearing loss			Biography of Beethoven set during the period of his composition of the Heroic Symphony, as his hearing loss progresses
And Now Tomorrow	1944	tt0036599	manual	1922-1979	536	1946	And Now Tomorrow	Drama,Romance	Sign on Screen; Hollywood Speaks				deafened by illness; deafness 'cured'; medical drama			Doctor trying to cure deafness treats a woman deafened by meningitis
The Crimson Pirate	1952	tt0044517	manual	1922-1979	543	1954	The Crimson Pirate	Action,Adventure,Comedy	Sign on Screen				comedy; nonverbal			Swashbuckling pirate comedy includes frequent duo Burt Lancaster (speaking) and Nick Cravat (nonverbal actor always in nonverbal roles) who sign together
The Green Scarf	1954	tt0047051	manual	1922-1979	546	1956	The Green Scarf	Mystery	Sign on Screen; Hollywood Speaks				deaf villain/suspect; deaf victim/witness; deafblind character; hearing actor in deaf role			Deafblind man (played by sighted hearing actor Kieron Moore) mysteriously confesses to a murder the main character is certain he's innocent of. One of two adaptations of Guy des Cars' novel La Brute (see also La Brute)
Mandy	1952	tt0045654	manual	1922-1979	559	1954	Crash of Silence	Drama	Sign on Screen; IMDb Deaf Characters				deaf child; deaf child hearing parent; family drama; hearing actor in deaf role; School for the Deaf; school/university setting			Family tensions as mother insists on sending deaf girl to School for the Deaf to have a better life, against her father's wishes
The Story of Esther Costello	1957	tt0051015	auto	1922-1979	564	1958	The Story of Esther Costello	Drama	DMDb; Sign on Screen; IMDb Deaf Movies; IMDb Deaf Characters	Movies with No Deaf Actors | Leading Roles; Movies			adoption/foster care; deaf child; deaf child hearing parent; deafblind character; drama			Joan Crawford drama in which divorced woman bonds with deafblind girl and becomes a philanthropist for deaf children
Out of the Past	1947	tt0039689	auto	1922-1979	578	1954	Out of the Past	Crime,Drama,Film-Noir	DMDb; Sign on Screen; IMDb Deaf Characters; Hollywood Speaks	Movies with No Deaf Actors | Leading Roles; Movies			crime/mystery; thriller			Film noir with deaf side character
Bang Bang	1971	tt0201450	manual	1922-1979	582	1971	Bang Bang	Comedy	Sign on Screen				comedy; deafblind character; sibling relationship			Cult Brazilian underground film about a narcissistic man who has a deafblind brother
Dancing Lady	1933	tt0023926	manual	1922-1979	593	1937	Dancing Lady	Comedy,Musical,Romance	Sign on Screen				ageing deaf character as comic relief; romance			Clark Gable and Joan Crawford romance in which protagonist's grandmother is partially deaf
Confessions of a Cheat	1936	tt0028201	manual	1922-1979	633	1939	The Story of a Cheat	Comedy	Sign on Screen				drama; horror			Dark drama in which a deaf uncle character accidentally gathers poisonous mushrooms which kill the whole family, except the protagonist who has been denied dinner for stealing. The uncle is the last to die, and as he cries out, the remaining characters are shocked that the 'mute' has a voice
The Big Night	1960	tt0051469	manual	1922-1979	639	1963	The Big Night	Crime,Drama	Sign on Screen				deaf villain/suspect; deaf victim/witness; drama			Drama about group of disillusioned youths who turn to arms dealing, includes a deaf messenger one character improvises with in sign
Fuzz	1972	tt0068617	manual	1922-1979	654	1973	Fuzz	Action,Comedy,Crime	Sign on Screen; Wikipedia; Hollywood Speaks				action; comedy; deaf villain/suspect	American action comedy film features hearing actor Yul Brynner as master criminal The Deaf Man, a recurring character in the series of novels on which the film is based.		Burt Reynolds comedy action movie includes two deaf characters: a layered portrayal from his deaf wife, and a one-dimensional portrayal of an arch criminal named 'The Deaf Man' or 'El Sordo'
The Curse of the Werewolf	1960	tt0054777	manual	1922-1979	671	1962	The Curse of the Werewolf	Horror	Sign on Screen				horror; deaf servant; deaf victim/witness; hearing stalker/killer; sci-fi/fantasy			Horror about a werewolf who is conceived when a beggar rapes a deaf servant
The Heart Is a Lonely Hunter	1968	tt0063050	manual	1922-1979	692	1971	The Heart Is a Lonely Hunter	Drama	DMDb; Sign on Screen; IMDb Deaf Characters; Hollywood Speaks	Movies with No Deaf Actors | Leading Roles; Movies			deaf character inspires hearing character’s self-actualisation; deaf victim/witness; deaf-hearing relationship; disability; drama; friendship			A deaf man becomes the guardian of his disabled friend, is frequently confided in by hearing characters
The Fear	1966	tt0144935	manual	1922-1979	695	1969	The Fear	Crime,Drama	Sign on Screen				deaf servant; deaf victim/witness; family drama; hearing stalker/killer			A resented son works alone on the family farm with a deaf servant, who he harasses then rapes and kills
Hollywood Nudes Report	1963	tt0291246	manual	1922-1979	699	1965	Hollywood Nudes Report	Drama	Hollywood Speaks							
Badlands	1973	tt0069762	manual	1922-1979	719	1975	Badlands	Action,Crime,Drama	Sign on Screen; Hollywood Speaks				crime/mystery; deaf servant; drama			Teen killer drama set in the 1950s includes deaf maid side character who they spare
The Corpse Grinders	1971	tt0068414	manual	1922-1979	755	1972	The Corpse Grinders	Comedy,Horror	Sign on Screen				deaf scientist/medical professional; horror			Black horror about human flesh cat food includes deaf nurse side character
Harry in Your Pocket	1973	tt0070158	manual	1922-1979	757	1974	Harry in Your Pocket	Comedy,Crime,Drama	Sign on Screen; Hollywood Speaks				comedy; crime/mystery; drama			Crime comedy drama includes deaf side character in airport scene including sign language dialogue
Deafula	1975	tt0123790	manual	1922-1979	821	1975	Deafula	Horror	DMDb; Sign on Screen; IMDb HoH; IMDb Deaf Movies	Movies with Deaf Actors | Leading Roles; Movies by Deaf Directors; Movies by Deaf Writers; Movies	Peter Wolf; Bob L. Fower; Cindy Whitney; Dudley Hemstreet; James Randall; Katherine Wilson; Shelia Pope	Peter Wolf	deaf scientist/medical professional; sci-fi/fantasy		A theology student finds himself turning into a vampire and hunting other students for their blood.	Young deaf scientist turns himself into a vampire
And Soon the Darkness	1970	tt0065398	manual	1922-1979	823	1972	And Soon the Darkness	Crime,Mystery,Thriller	Sign on Screen				drama; family drama; friendship			Girl searching for her friend who goes missing during their cycling trip encounters deaf relative
Psych-Out	1968	tt0063469	auto	1922-1979	881	1970	Psych-Out	Drama	DMDb; Sign on Screen; IMDb Deaf Movies; IMDb Deaf Characters; Hollywood Speaks	Movies with No Deaf Actors | Leading Roles			drama; sibling relationship			Psychedelic film about a deaf woman who runs away to San Francisco's hippie Haight-Ashbury district looking for her brother
Day For Night	1972	tt0070460	manual	1922-1979	914	1976	Day for Night	Comedy,Drama,Romance	Sign on Screen				comedy; deaf director; deaf-hearing relationship; romance			Self-referential romance comedy about a deaf director (Truffaut, who uses a hearing aid throughout the film) 
The Avengers	2012	tt0848228	manual	1980-2025	1	2012	The Avengers		Sign on Screen				action; deaf actor; deaf superhero			Marvel Avengers superhero blockbuster with Mark Ruffalo as Bruce Banner includes original Incredible Hulk actor Lou Ferrigno as Hulk
Batman Forever	1995	tt0112462	manual	1980-2025	1	1995	Batman Forever		Wikipedia					In this superhero sequel, a bank security guard (played by hearing actor Joe Grifasi), that wears a hearing aid, is held captive by Two-Face. The guard and Batman are trapped in the bank's vault as it fills with acid; Batman uses the guard's hearing aid to help him open the vault's lock and free them both.		
Avengers: Age of Ultron	2015	tt2395427	manual	1980-2025	3	2015	Avengers: Age of Ultron		Sign on Screen				action; deaf actor; deaf superhero			Marvel Avengers superhero sequel with Mark Ruffalo as Bruce Banner includes original Incredible Hulk actor Lou Ferrigno as Hulk
Eternals	2021	tt9032400	manual	1980-2025	6	2021	Eternals		DMDb; Sign on Screen; IMDb HoH	Movies with Deaf Actors | Leading Roles; Movies	Lauren Ridloff		deaf actor; deaf superhero; Deaf Gain		The saga of the Eternals, a race of immortal beings who lived on Earth and shaped its history and civilizations.	Marvel adaptation about a group of immortal superheroes includes deaf superhero Makkari, played by Lauren Ridloff
Dawn of the Planet of the Apes	2014	tt2103281	manual	1980-2025	8	2014	Dawn of the Planet of the Apes		Sign on Screen; IMDb Deaf Movies				sci-fi/fantasy; signing animal; thriller			Sci-fi thriller drama in which hyperintelligent apes communicate via American Sign Language (ASL)
A Quiet Place Part II	2021	tt8332922	auto	1980-2025	8	2021	A Quiet Place Part II		DMDb; Sign on Screen; IMDb Deaf Movies	Movies with Deaf Actors | Leading Roles; Movies	Millicent Simmonds		apocalypse; born deaf; character survives dangerous sound thanks to deafness; deaf actor; Deaf Gain; hearing aid; horror; sci-fi/fantasy; sign language used for hiding/secrets; survival narrative			Sound horror sequel, continuation of a signing family's survival which includes their deaf daughter (deaf actaor Millicent Simmonds) using her hearing aids as a weapon against hyper-hearing monsters
Godzilla x Kong: The New Empire	2024	tt14539740	manual	1980-2025	9	2024	Godzilla x Kong: The New Empire		DMDb; Sign on Screen; Wikipedia; IMDb HoH; IMDb Deaf Movies	Movies with Deaf Actors | Leading Roles; Movies	Kayle Hottle		d/Deaf actor; d/Deaf child; d/Deaf mystic; Indigenous; signing animal	In this monster movie sequel, deaf actor Kaylee Hottle reprises her role as a young girl who communicates with King Kong and other characters in sign language.	Two ancient titans, Godzilla and Kong, clash in an epic battle as humans unravel their intertwined origins and connection to Skull Island's mysteries.	The sequel to Godzilla vs Kong, Jia reappears to continue her special bond with Kong and communicates with him in sign
Godzilla vs. Kong	2021	tt5034838	manual	1980-2025	12	2021	Godzilla vs. Kong		DMDb; Sign on Screen; IMDb HoH		Kayle Hottle		deaf actor; deaf child; deaf mystic; Indigenous character/themes; Kaylee Hottle; signing animal		The epic next chapter in the cinematic Monsterverse pits two of the greatest icons in motion picture history against each other--the fearsome Godzilla and the mighty Kong--with humanity caught in the balance.	Deaf Indigenous daughter of expert on the giant gorilla, Kong, has special bond with Kong and communicates with him in sign
Congo	1995	tt0112715	manual	1980-2025	13	1995	Congo		Sign on Screen				sci-fi/fantasy; signing animal			Michael Crichton sci-fi adaptation includes gorilla who's been taught to sign
Hulk	2003	tt0286716	manual	1980-2025	14	2003	Hulk		Sign on Screen				deaf actor; deaf superhero			Eric Bana remake includes vocals by original deaf Hulk actor, Lou Ferrigno, who also plays a security guard side character
A Quiet Place	2018	tt6644200	auto	1980-2025	15	2018	A Quiet Place		DMDb; Sign on Screen; IMDb HoH; IMDb Deaf Movies	Movies with Deaf Actors | Leading Roles	Millicent Simmonds		apocalypse; born deaf; character survives dangerous sound thanks to deafness; deaf actor; Deaf Gain; hearing aid; horror; sci-fi/fantasy; sign language used for hiding/secrets; survival narrative		A family struggles for survival in a world invaded by blind alien creatures with ultra-sensitive hearing.	High-profile horror franchise in which a deaf girl (deaf actaor Millicent Simmonds) and her family use American Sign Language (ASL) to hide from monsters who hunt by sound
Creed III	2023	tt11145118	manual	1980-2025	16	2023	Creed III		DMDb; Sign on Screen; Wikipedia	Movies with Deaf Actors | Supporting Roles; Movies	Mila Davis-Kent		adapting to deafness; born deaf; deaf child; deaf child hearing parent; deaf-hearing relationship; deaf musician/dancer; learning sign; music; progressive hearing loss; sports	Continues the story of Adonis (Michael B. Jordan) and Bianca (Tessa Thompson) as they continue to raise their deaf daughter (played by deaf actress Mila Davis-Kent), while Adonis confronts a former childhood friend.		Second sequel to the boxing drama in which the hearing-Hard of Hearing couple have a daughter who inherits her mother's deafness from birth
Mr. Holland’s Opus	1995	tt0113862	auto	1980-2025	16	1996	Mr. Holland's Opus		DMDb; Sign on Screen; IMDb HoH; IMDb Deaf Characters	Movies with Deaf Actors | Supporting Roles; Movies			deaf child; deaf child hearing parent; family drama; music		A frustrated composer finds fulfillment as a high school music teacher.	Music teacher juggling work and life with deaf son
Four Weddings and a Funeral	1994	tt0109831	manual	1980-2025	23	1994	Four Weddings and a Funeral		DMDb; Sign on Screen	Movies			comedy; queer; romance; romantic comedy; sibling relationship			Romantic comedy includes deaf brother of main character
See No Evil, Hear No Evil	1989	tt0098282	auto	1980-2025	25	1989	See No Evil, Hear No Evil		DMDb; Sign on Screen; IMDb Deaf Characters	Movies with No Deaf Actors | Leading Roles; Movies			comedy; deaf and blind character pairing; disability			1 deaf 1 blind'-trope comedy about deaf man and blind man who each witness a murder
The Aviator	2004	tt0338751	manual	1980-2025	26	2005	The Aviator		Sign on Screen				adapting to deafness; biopic; disability; isolation; progressive hearing loss			Biopic of Howard Hughes, whose OCD, agoraphobia and deafness increased with age
Baby Driver	1970	tt3890160	manual	1980-2025	31	2017	Baby Driver		DMDb		CJ Jones					
Baby Driver	2017	tt3890160	manual	1980-2025	31	2017	Baby Driver		Sign on Screen; IMDb HoH				adoption/foster care; deaf actor; Deaf Gain; deafened by accident/violence; lipreading, inc. magical; music; tinnitus		Coerced into working for a crime boss, a young getaway driver must face the music when a doomed heist threatens his life, love, and freedom.	Getaway driver (Ansel Elgort) who was part-deafened in childhood crash constantly listens to music to mask his tinnitus; lives with a Deaf foster father (played by CJ Jones) and lipreads seamlessly
Rampage	2018	tt2231461	auto	1980-2025	33	2018	Rampage		Sign on Screen; IMDb Deaf Movies				action; signing animal			Dwayne 'The Rock' Johnson action movie featuring gorilla he saved and uses sign language with
Freddy's Dead: The Final Nightmare	1991	tt0101917	manual	1980-2025	36	1991	Freddy's Dead: The Final Nightmare		Sign on Screen; Wikipedia				deafened by accident/violence; hearing aid	In this horror sequel, one of the teens, Carlos, is deaf in one ear after being physically abused by his mother. Freddy Krueger later attacks him in his dreams by making his hearing aid extremely sensitive to noise.		Nightmare on Elm Street sequel, Freddy Krueger pursues teen boy who's deaf in one ear from abuse by his mother. Character wears a hearing aid and Freddy taunts him with ableist phrases ('lend me your ear', 'nice hearing from you')
The First Purge	2018	tt6133466	manual	1980-2025	42	2018	The First Purge		Sign on Screen				deaf actor; horror; survival narrative; thriller			Horror thriller sequel about state-sanctioned annual night of violence includes Millicent Simmons
Hidalgo	2004	tt0317648	manual	1980-2025	42	2004	Hidalgo		Sign on Screen				Indigenous character/themes; western			Western, includes scene where cowboy tries to wrest gun from Indigenous man, not realising he is deaf
Grand Canyon	1991	tt0101969	manual	1980-2025	44	1992	Grand Canyon		Sign on Screen				deaf child hearing parent; family drama			Ensemble drama includes hearing father (Danny Glover) who keeps long-distance contact with his deaf daughter through a 90s telecommunications device
Cop Land	1997	tt0118887	manual	1980-2025	47	1997	Cop Land		Sign on Screen				action; deafened by accident/violence; deafened soldier; thriller			Action thriller about police-heavy New Jersey neighbourhood ruled by Sylvester Stallone character, who is deaf in one ear from saving a woman from drowning
Ernest Goes to Camp	1987	tt0092974	manual	1980-2025	48	1987	Ernest Goes to Camp		Sign on Screen				comedy; deaf mystic; Indigenous character/themes			Screwball comedy includes 'Old Indian Chief' played by Italian actor Iron Eyes Cody who uses a home sign language in one scene
Escape Room	2019	tt5886046	manual	1980-2025	48	2019	Escape Room		DMDb; Sign on Screen	Movies with No Deaf Actors | Supporting Roles			Deaf Gain; horror; survival narrative			Deadly escape room horror movie in which the fourth room relies on one character's knowledge of American Sign Language (ASL)
A Beautiful Day in the Neighbourhood	2019	tt3224458	manual	1980-2025	52	2020	A Beautiful Day in the Neighborhood		Sign on Screen				biopic; drama; friendship			Mr Rogers biopic includes scene in which Mr Rogers (Tom Hanks) shows what he thinks is the most beautiful American Sign Language (ASL) sign: 'friend'
Eyes of a Stranger	1981	tt0082352	manual	1980-2025	52	1981	Eyes of a Stranger		Sign on Screen; Hollywood Speaks				deaf victim/witness; deafblind character; hearing actor in deaf role; hearing stalker/killer; sibling relationship; survival narrative; thriller			Woman catches a predator who is spying on her deafblind sister (played by sighted hearing actor Jennifer Jason Leigh)
The 355	2022	tt8356942	manual	1980-2025	60	2022	The 355		DMDb; Sign on Screen	Movies with Deaf Actors | Supporting Roles; Movies	Emilio Insolera		action; crime/mystery; deaf actor			Action crime film includes deaf actor Emilio Insolera, with some passage in American Sign Language (ASL)
The Shape of Water	2017	tt5580390	auto	1980-2025	63	2018	The Shape of Water		DMDb; Sign on Screen; IMDb Deaf Movies	Movies with No Deaf Actors | Leading Roles; Movies			nonverbal character			The main character of this sci-fi romance is a nonverbal hearing signing character played by able-bodied actor Sally Hawkins
Suspect	1987	tt0094082	auto	1980-2025	63	1987	Suspect		DMDb; Sign on Screen; IMDb Deaf Characters	Movies with No Deaf Actors | Leading Roles; Movies			crime/mystery; deaf villain/suspect; hearing actor in deaf role; hearing lawyer of deaf defendant			Hearing lawyer defends a deaf unhoused man (hearing actor Liam Neeson in deaf role) on trial for murder
Date Movie	2006	tt0466342	manual	1980-2025	64	2006	Date Movie		Sign on Screen				comedy			Spoof of rom com movies includes deaf character and sign language references
The Adventures of Huck Finn	1993	tt0106223	manual	1980-2025	65	1993	The Adventures of Huck Finn		Sign on Screen				hearing character pretending to be deaf			Disney remake of Mark Twain's novel with Elijah Wood and Courtney B. Vance includes scene in which character pretends to be deaf
Cry Macho	2021	tt1924245	manual	1980-2025	66	2021	Cry Macho		Sign on Screen				adoption/foster care; deaf child; deaf child hearing parent; western			Western in which a washed-up rodeo rider adopts a young deaf boy from his alcoholic mother
Follow That Bird	1985	tt0089994	manual	1980-2025	68	1985	Follow That Bird		DMDb; Sign on Screen	Movies with Deaf Actors | Supporting Roles; Movies	Linda Bove		deaf actor			Big Bird Sesame Street children's movie includes dialogue in American Sign Language (ASL) and long-serving Sesame Street librarian played by deaf actor Linda Bove
Hercules	1983	tt0085672	manual	1980-2025	71	1983	Hercules		Sign on Screen				deaf actor; deaf superhero			Pulpy adaptation of the Hercules myth stars deaf actor and bodybuilder Lou Ferrigno as Hercules
The Hustle	2019	tt1298644	manual	1980-2025	74	2019	The Hustle		Sign on Screen				comedy			Heist comedy in which accomplished criminal (Anne Hathaway) speaks many languages, including American Sign Language (ASL) as evidence of cosmopolitanism. Includes scene in which she swears in ASL
There Will Be Blood	2007	tt0469494	auto	1980-2025	74	2008	There Will Be Blood		DMDb; Sign on Screen; IMDb Deaf Characters	Movies with Deaf Actors | Supporting Roles; Movies	Russell Harvard		deaf child; deaf child hearing parent; deafened by accident/violence			Oil prospector's son is deafened in mine explosion
Children of Men	2006	tt0206634	manual	1980-2025	75	2007	Children of Men		Sign on Screen				apocalypse; deafened by accident/violence; drama; tinnitus			Clive Owens' character witnesses a bombing and develops tinnitus, which is referenced as a kind of metaphor for his trauma thoughout this dystopian drama
Orphan	2009	tt1148204	auto	1980-2025	75	2009	Orphan		DMDb; Sign on Screen; IMDb Deaf Characters	Movies with Deaf Actors | Leading Roles; Movies	Aryana Engineer		adoption/foster care; deaf child; deaf child hearing parent; deaf victim/witness; horror; sibling relationship			Couple lose baby, adopt troubled and troubling 9 year old girl, who deaf brother takes to
The 5th Wave	2016	tt2304933	manual	1980-2025	83	2016	The 5th Wave		Sign on Screen				action movie; action; apocalypse; deaf actor; deaf child; sci-fi/fantasy; sibling relationship; survival narrative			Alien attack action sci-fi movie stars Chloë Grace Moretz as a hearing sister trying to protect her deaf little brother played by deaf actor Zachary Arthur
Airplane II: The Sequel	1982	tt0083530	manual	1980-2025	83	1983	Airplane II: The Sequel		Sign on Screen				comedy			Screwball airplane comedy includes passages in sign language
All About Steve	2009	tt0881891	manual	1980-2025	85	2009	All About Steve		Sign on Screen; Wikipedia				deaf child; survival narrative	American romantic comedy features a subplot involving a group of deaf children (played by a group of deaf child actors) who fall into a mineshaft and need to be rescued; Mary (Sandra Bullock) accidentally falls in herself, and discovers a child (played by deaf child actress Delaney Hamilton) who has been left behind, and helps her to be rescued. Deaf actor Tyrone Giordano also appears in the film in a small role as the father of one of the deaf children.		Polyglot main character (Sandra Bullock) knows American Sign Language (ASL) and is trapped in a well with a deaf child
Children of a Lesser God	1986	tt0090830	manual	1980-2025	92	1987	Children of a Lesser God		DMDb; Sign on Screen; IMDb HoH; IMDb Deaf Movies; IMDb Deaf Characters; Hollywood Speaks	Movies with Deaf Actors | Leading Roles; Movies	Marlee Matlin; Linda Bove; Bob Hiltermann		deaf actor; deaf child; deaf child hearing parent; drama; 'hearing saviour'; hearing teacher; learning speech; oralism (repression of sign); School for the Deaf; school/university setting		A new speech teacher at a school for the deaf falls in love with the janitor, a deaf woman speechless by choice.	Speech trainer at a School for the Deaf school falls in love with deaf janitor. Deaf actor Marlee Matlin's first film role, led to the first Oscar for a Deaf person
Florence Foster Jenkins	2016	tt4136084	manual	1980-2025	95	2016	Florence Foster Jenkins		Sign on Screen				biopic; deaf musician/dancer; deafened by illness; drama; music			Biopic of Florence Foster Jenkins, the famously 'awful' opera singer who was partially deafened by syphilis
The Hunger Games: Catching Fire	2013	tt1951264	manual	1980-2025	96	2014	The Hunger Games: Catching Fire		Sign on Screen				action; adapting to deafness; apocalypse; deafened soldier; hearing aid			Post-apocalyptic action franchise in which the protagonist Katniss (Jennifer Lawrence) is deafened in one ear; she receives a hearing aid from the Capitol after the second games
The Hunger Games: Mockingjay Part I	2014	tt1951265	manual	1980-2025	98	2015	The Hunger Games: Mockingjay - Part 1		Sign on Screen				action; adapting to deafness; apocalypse; deafened soldier; hearing aid			Post-apocalyptic action franchise in which the protagonist Katniss (Jennifer Lawrence) is deafened in one ear; she receives a hearing aid from the Capitol after the second games
The Good Shepherd	2006	tt0343737	manual	1980-2025	99	2007	The Good Shepherd		DMDb; Sign on Screen; IMDb Deaf Characters				deaf-hearing relationship; hearing actor in deaf role; thriller			Hollywood spy movie with Matt Damon and Angelina Jolie; one character has a deaf girlfriend played by hearing actor Tammy Blanchard
Black Moon Rising	1986	tt0090735	manual	1980-2025	100	1986	Black Moon Rising		Sign on Screen; Hollywood Speaks				action; crime/mystery; hearing actor in deaf role			Action thriller in which man is tasked with stealing tapes from a corrupt corporation, includes deaf side character
A Lot Like Love	2005	tt0391304	auto	1980-2025	116	2005	A Lot Like Love		DMDb; Sign on Screen; IMDb Deaf Characters	Movies with Deaf Actors | Supporting Roles; Movies	Tyrone Giordano		romantic comedy; sibling relationship			Ashton Kutscher and Amanda Peet rom-com in which he has a deaf brother
Becoming Jane	2007	tt0416508	manual	1980-2025	119	2007	Becoming Jane		Sign on Screen				biopic; deaf child hearing parent; drama; family drama; sibling relationship			Anne Hathaway Jane Austen biopic includes scenes in British Sign Language (BSL) with Jane's deaf brother George
The Case for Christ	2017	tt6113488	manual	1980-2025	120	2017	The Case for Christ		Sign on Screen				drama; religion			Christian drama about a journalist who sets out to disprove the existence of God; includes passages in American Sign Language (ASL)
Harley Davidson and the Marlboro Man	1991	tt0102005	manual	1980-2025	122	1991	Harley Davidson and the Marlboro Man		Sign on Screen				crime/mystery; deaf victim/witness; deaf villain/suspect			Two washed-up lone riders hatch a scheme to avoid getting evicted; one of their partners in crime is a deaf man who dies in the process
A Star is Born	2018	tt1517451	auto	1980-2025	122	2019	A Star Is Born		Sign on Screen				deaf musician/dancer; deafened by sound exposure; drama; music; progressive hearing loss; romance; tinnitus			Country musician Jack (Bradley Cooper) has worsening tinnitus; it is suggested his suicide is partly related to his progressive hearing loss
Immortal Beloved	1994	tt0110116	auto	1980-2025	125	1995	Immortal Beloved		DMDb; Sign on Screen; IMDb Deaf Characters				Beethoven; biopic; deaf musician/dancer; drama; music			Biopic of Beethoven
Kung Fu Hustle	2004	tt0373074	auto	1980-2025	128	2005	Kung Fu Hustle		DMDb; Sign on Screen; IMDb Deaf Characters	Movies with No Deaf Actors | Supporting Roles			crime/mystery			Gangster thriller includes secondary scene with deaf girl signing
The Family Stone	2005	tt0356680	manual	1980-2025	130	2006	The Family Stone		DMDb; Sign on Screen; IMDb Deaf Characters	Movies with Deaf Actors | Supporting Roles; Movies	Tyrone Giordano		deaf child; deaf child hearing parent; family drama; sibling relationship			Family dramedy with deaf sibling, includes dramatic scene in which grandmother asserts her deaf grandson's normality
Bangkok Dangerous	2008	tt0814022	manual	1980-2025	131	2008	Bangkok Dangerous		Sign on Screen; IMDb Deaf Characters				action; deaf villain/suspect; thriller			US remake of Thai original (original with deaf protagonist, remake replaces makes Nicolas Cage the protagonist and shifts the deaf character to side role)
Drive My Car	2021	tt14039582	manual	1980-2025	131	2022	Drive My Car		DMDb; Sign on Screen	Movies with No Deaf Actors | Supporting Roles; Movies			drama; family drama; nonverbal			Grieving filmmaker takes on new multilingual theatre directing project to deal with the death of his wife; includes nonverbal hearing actor who communicates in Korean Sign Language (KSL)
Drop Dead Gorgeous	1999	tt0157503	manual	1980-2025	137	1999	Drop Dead Gorgeous		Sign on Screen				comedy			Small-town beauty pageant comedy includes a deaf character
The Hunger Games: Mockingjay Part II	2015	tt1951266	manual	1980-2025	137	2016	The Hunger Games: Mockingjay - Part 2		Sign on Screen				action; adapting to deafness; apocalypse; deafened soldier; hearing aid			Post-apocalyptic action franchise in which the protagonist Katniss (Jennifer Lawrence) is deafened in one ear; she receives a hearing aid from the Capitol after the second games
Babel	2006	tt0449467	manual	1980-2025	138	2007	Babel		DMDb; Sign on Screen; IMDb HoH; IMDb Deaf Characters	Movies with Deaf Actors | Supporting Roles; Movies with No Deaf Actors | Leading Roles; Movies			deaf child; deaf child hearing parent; hearing actor in deaf role; isolation		Tragedy strikes a married couple on vacation in the Moroccan desert, which jump starts an interlocking story involving four different families.	Portmanteau film about transcultural isolation includes section with lonely deaf teen Japanese girl
Big Eyes	2014	tt1126590	manual	1980-2025	143	2015	Big Eyes		Sign on Screen				biopic; deaf artist; deafened by accident/violence; drama			Biopic of painter Margaret Keane (Amy Adams) known for her figures with large eyes, who was partially deafened in childhood
Creed	2015	tt3076658	manual	1980-2025	143	2016	Creed		Sign on Screen; IMDb HoH				adapting to deafness; deaf-hearing relationship; deaf musician/dancer; learning sign; music; sports		The former World Heavyweight Champion Rocky Balboa serves as a trainer and mentor to Adonis Johnson, the son of his late friend and former rival Apollo Creed.	Sports drama about a boxer (Michael B. Jordan) in the Rocky universe, whose girlfriend (Tessa Thompson) is a singer who's progressively losing her hearing and learning American Sign Language (ASL)
Avatar: The Way of Water	2022	tt1630029	manual	1980-2025	144	2025	Avatar: The Way of Water2025  Re-release		Sign on Screen; IMDb HoH				action; Deaf Gain; sci-fi/fantasy; signing animal		Jake Sully lives with his newfound family formed on the extrasolar moon Pandora. Once a familiar threat returns to finish what was previously started, Jake must work with Neytiri and the army of the Na'vi race to protect their home.	Fantasy colonial sequel includes Na'vi sign language invented by Deaf actor CJ Jones, used underwater and with animals. Those who can't sign are referred to as 'unuseful'
Hear No Evil	1993	tt0107090	manual	1980-2025	147	1993	Hear No Evil		DMDb; Sign on Screen; IMDb Deaf Movies; IMDb Deaf Characters	Movies with Deaf Actors | Leading Roles	Marlee Matlin		deaf victim/witness; hearing stalker/killer			Deaf woman played by Marlee Matlin becomes target of corrupt police officer
Dune: Part One	2021	tt1160419	manual	1980-2025	155	2022	Dune: Part One		IMDb HoH						Paul Atreides arrives on Arrakis after his father accepts the stewardship of the dangerous planet. However, chaos ensues after a betrayal as forces clash to control melange, a precious resource.	
Downsizing	2017	tt1389072	manual	1980-2025	157	2018	Downsizing		DMDb; Sign on Screen	Movies with Deaf Actors | Supporting Roles; Movies	Jorge Tello; Cicela Bravatti		drama			Matt Damon character takes elevator with two deaf people communicating in American Sign Language (ASL); this is significant because he's in a digital simulation that includes deaf people
The Hurricane Heist	2018	tt5360952	manual	1980-2025	164	2018	The Hurricane Heist		Sign on Screen				action; thriller			Synopses don't mention deafness, but IMDb lists American Sign Language (ASL) dialogue
Bratz	2007	tt0804452	manual	1980-2025	165	2007	Bratz		Sign on Screen; IMDb HoH				deaf-hearing relationship; Deaf Gain; lipreading, inc. magical		During their first year of high school, four best girlfriends face off against the domineering student body President, who wants to split them up into different social cliques.	Bratz dolls live action adaptation, one character meets deaf lipreading boy
Boy Kills World	2023	tt13923084	manual	1980-2025	167	2024	Boy Kills World		Sign on Screen; Wikipedia				action; deaf villain/suspect; deafened by accident/violence; hearing actor in deaf role; Indigenous character/themes; lipreading, inc. magical; revenge/viligante	Action film about a deaf-mute man (played by hearing actor Bill Skarsgård) who avenges the murder of his family.		Problematic revenge feature in which hearing actor Bill Skarsgård plays a deaf character who is trained by a shaman to take revenge on the people who killed his family. The film includes mostly lipreading and some out-of-frame fake signs Skarsgård's character, 'Boy', uses with the sham.
High Heels	1991	tt0103030	manual	1980-2025	171	1992	High Heels		Sign on Screen				crime/mystery; drama			Almodóvar erotic crime drama in which a TV news host works alongside a sign language interpreter with whom she has real-life conflict
Bohemian Rhapsody	2018	tt1727824	manual	1980-2025	173	2020	Bohemian Rhapsody2020 Re-release		Wikipedia					In this biopic of Freddie Mercury, the father of his one-time fiancée Mary Austin is deaf (played by deaf actor Neil Fox-Roberts) and converses in sign language.		
Born To Be Wild	1995	tt0113533	manual	1980-2025	177	1995	Born to Be Wild		Sign on Screen				learning sign; signing animal			Woman teaches gorilla to sign
Idle Hands	2024	tt0138510	manual	1980-2025	177	1999	Idle Hands		DMDb	Shorts with Deaf Actors | Leading Roles; Shorts by Deaf Directors	James Caverly; Wyatt Ridloff	Douglas Ridloff				
Calendar Girl	1993	tt0106505	manual	1980-2025	179	1993	Calendar Girl		Sign on Screen				comedy; deaf villain/suspect; drama; hearing actor in deaf role			Comedy drama includes deaf hitman character played by hearing actor; deaf community protested hearing casting
Creed II	2018	tt6343314	manual	1980-2025	181	2019	Creed II		Sign on Screen				adapting to deafness; born deaf; deaf child; deaf child hearing parent; deaf-hearing relationship; deaf musician/dancer; learning sign; music; progressive hearing loss; sports			Sequel to the boxing drama in which the hearing-Hard of Hearing couple have a daughter who inherits her mother's deafness from birth
Close Encounters of the Third Kind	1977	tt0075860	manual	1980-2025	186	2017	Close Encounters of the Third Kind2017 Re-release		Sign on Screen				deaf actor; deaf scientist/medical professional; sci-fi/fantasy			The scientists (one of them played by deaf actor/director François Truffaut) use Curwen hand signs (used with musical scales to refer to notes) to communicate with aliens
Barfi!	2012	tt2082197	manual	1980-2025	194	2012	Barfi!		DMDb; Sign on Screen; IMDb Deaf Movies	Movies with No Deaf Actors | Leading Roles; Movies			Bollywood; deaf-hearing relationship; romance; romantic comedy			Bollywood romantic comedy with Nepalese deaf protagonist
The East	2013	tt1869716	manual	1980-2025	196	2013	The East		Sign on Screen				Deaf Gain; drama; sign language used for hiding/secrets			Environmental activism drama includes a deaf group member who an undercover agent secretly warns to leave an operation in American Sign Language (ASL) so she won't be arrested
