Title	Year	IMDb ID	IMDb URL	Description	Notes
Rain in My Head	2023	tt27525807	https://www.imdb.com/title/tt27525807/?ref_=ls_t_1	A deeply intimate and poignant depiction of the lives of Sarah and Marie, two deaf partners. Deaf director and Deaf cast	Deaf director and Deaf cast
CODA	2021	tt10366460	https://www.imdb.com/title/tt10366460/?ref_=ls_t_2	When the family's fishing business is threatened, Ruby finds herself torn between pursuing her musical passion and her fear of abandoning her deaf parents. Deaf cast but main CODA character played by non CODA actress	Deaf cast but main CODA character played by non CODA actress
Eternals	2021	tt9032400	https://www.imdb.com/title/tt9032400/	The saga of the Eternals, a race of immortal beings who lived on Earth and shaped its history and civilizations.	Deaf actress Lauren Ridloff plays Marvel's first Deaf superhero and uses ASL
Senandung Senyap	2023	tt30219663	https://www.imdb.com/title/tt30219663/?ref_=ls_t_5	Growing up as a deaf individual in Indonesia, Mufi was taught to speak instead of sign. As an adult, now she carves her music career to inspire others to express themselves through sign language.	Growing up as a deaf individual in Indonesia, Mufi was taught to speak instead of sign. As an adult, now she carves her music career to inspire others to express themselves through sign language. When Mufi was diagnosed as deaf at her early age, her parents insisted on moving to the capital city to get access to a proper education. Unfortunately, like any other Indonesian deaf people, they're taught to communicate more orally at school rather than using sign language. Living as the only deaf person in the family, Mufi felt left out in a lot of the family's conversations due to struggling to comprehend the fast conversation. Only after Mufi has grown, she started to use the sign language on a daily basis with her closest friends. After finding her safe space, through her work Mufi aims to show her identity as a deaf artist.
Deaf Jam	2011	tt1512763	https://www.imdb.com/title/tt1512763/?ref_=ls_t_9	In Deaf Jam, a Deaf New York City teen is introduced to sign language poetry and boldly enters the spoken word slam scene.	
Sign Gene	2017	tt4715060	https://www.imdb.com/title/tt4715060/?ref_=ls_t_10	The world's first deaf superheroes with superpowers through the use of sign language.	
The Bélier Family	2014	tt3547740	https://www.imdb.com/title/tt3547740/?ref_=ls_t_11	A girl who lives with her deaf parents discovers that she has the gift of singing.	The French-Belgian movie CODA is a remake of. Hearing actors play Deaf roles and the French Sign Language has mistakes apparently. Julia "What is awkward is that French Sign Language is not respected. There are many mistakes. During the preview in Toulouse, on 31 October 2014, the deaf audience needed to read the subtitles, as it could not understand what was being signed on the screen"
Flash Before the Bang	2023	tt4341220	https://www.imdb.com/title/tt4341220/?ref_=ls_t_12	There are no barriers for champions, only hurdles.	
Millstone	2023	tt18372862	https://www.imdb.com/title/tt18372862/?ref_=ls_t_13	Featuring an entirely Deaf cast and shot exclusively in American Sign Language, this is the story of a married couple who - after having tragically lost a child -seeks out a new, experimental therapy. Their grief is consuming them, destroying their marriage, and driving a wedge between them and the rest of society. They have found the only therapist who might be able to help them - but his process could be worse than anyone imagined.	
Children of a Lesser God	1986	tt0090830	https://www.imdb.com/title/tt0090830/?ref_=ls_t_14	A new speech teacher at a school for the deaf falls in love with the janitor, a deaf woman speechless by choice.	Features Deaf actress Marlee Matlin playing a Deaf character
My Brother is Deaf	2023	tt18310170	https://www.imdb.com/title/tt18310170/?ref_=ls_t_15	A moving and personal film narrated by a boy with a deaf younger brother. When his family learns that his younger brother is deaf, he and his family try their best to get to know his younger brother, and what it means to be deaf.	
The Tribe	2014	tt1745787	https://www.imdb.com/title/tt1745787/?ref_=ls_t_20	A deaf boy joins a boarding school for similar children. Confronted by the violent and criminal antics of some of the other boys and girls, he struggles to conform and join the 'tribe'.	
Du sollst hören	2022	tt21600808	https://www.imdb.com/title/tt21600808/?ref_=ls_t_21	Two-year-old Mila is deaf. During an examination it is found out, that she could hear again with an implant. Nevertheless, her parents are against it. A judge now has to decide.	
Through Deaf Eyes	2007	tt0487158	https://www.imdb.com/title/tt0487158/?ref_=ls_t_22	History Through Deaf Eyes will take a look at Deaf culture from the 19th century to the present. The 120 minute production for PBS will include short films.	Hearing actor Riz Ahmed plays a drummer dealing with major hearing loss, Deaf actress Lauren Ridloff plays a teacher who helps him learn ASL.
A Silent Voice	2016	tt5323662	https://www.imdb.com/title/tt5323662/?ref_=ls_t_23	A deaf girl, Shoko, is bullied by the popular Shoya. As Shoya continues to bully Shoko, the class turns its back on him. Shoko transfers and Shoya grows up as an outcast. Alone and depressed, the regretful Shoya finds Shoko to make amends.	
Me llamo Gennet	2018	tt8836614	https://www.imdb.com/title/tt8836614/?ref_=ls_t_26	The young Gennet Corcuera begins a new stage of her life in which for the first time she lives alone and independent, working as a teacher.	
Sound of Metal	2019	tt5363618	https://www.imdb.com/title/tt5363618/?ref_=ls_t_27	A drummer begins to experience hearing loss. Hearing actor Riz Ahmed plays a drummer with hearing loss, Deaf actress Lauren Ridloff plays a teacher who helps him learn ASL.	
It's All Gone Pete Tong	2004	tt0388139	https://www.imdb.com/title/tt0388139/?ref_=ls_t_28	A famous DJ in the Ibiza club scene finds the alcohol and drug-fueled party that is his life threatened by the progressive loss of his hearing.	Hearing actor plays a deaf DJ, hearing actress plays his Deaf love interest who teaches him lipreading. "the comedy is leaden, the drama is flat and the attitude to deaf people is Neanderthal" - guardian reviewer Peter Bradshaw
Dune: Part One	2021	tt1160419	https://www.imdb.com/title/tt1160419/?ref_=ls_t_29	Paul Atreides arrives on Arrakis after his father accepts the stewardship of the dangerous planet. However, chaos ensues after a betrayal as forces clash to control melange, a precious resource.	Has a signed conlang developed by hearing legendary conlanger and linguist David J. Peterson. The sign language is used for secret communication.
Avatar: The Way of Water	2022	tt1630029	https://www.imdb.com/title/tt1630029/?ref_=ls_t_30	Jake Sully lives with his newfound family formed on the extrasolar moon Pandora. Once a familiar threat returns to finish what was previously started, Jake must work with Neytiri and the army of the Na'vi race to protect their home.	Has a signed conlang developed by deaf actor CJ Jones who also plays a minor role in the movie. Language is used to communicate underwater.
Audible	2021	tt12771540	https://www.imdb.com/title/tt12771540/?ref_=ls_t_31	Football player Amaree McKenstry-Hall and his Maryland School for the Deaf teammates attempt to defend their winning streak while coming to terms with the tragic loss of a close friend.	
Baby Driver	2017	tt3890160	https://www.imdb.com/title/tt3890160/?ref_=ls_t_32	Coerced into working for a crime boss, a young getaway driver must face the music when a doomed heist threatens his life, love, and freedom.	Deaf actor CJ Jones plays the main character's Deaf foster father.
Creed	2015	tt3076658	https://www.imdb.com/title/tt3076658/?ref_=ls_t_33	The former World Heavyweight Champion Rocky Balboa serves as a trainer and mentor to Adonis Johnson, the son of his late friend and former rival Apollo Creed.	
Deafula	1975	tt0123790	https://www.imdb.com/title/tt0123790/?ref_=ls_t_34	A theology student finds himself turning into a vampire and hunting other students for their blood.	First American Sign Language feature film ever made, the world of the film is an imaginary one where no hearing people exist: all the characters communicate in ASL, mixed cast of both Deaf and hearing actors.
In the Land of the Deaf	1992	tt0107796	https://www.imdb.com/title/tt0107796/?ref_=ls_t_38	A young musician named Ansel, and his unexpected encounter with Niall, an endearing, deaf dancer.	
Louder Than Words	2017	tt6952754	https://www.imdb.com/title/tt6952754/?ref_=ls_t_39	A young musician encounters an endearing, deaf dancer. Hearing actor plays Deaf dancer.	Has a hearing director. Hearing actor Marty Lauter plays a Deaf dancer
Danceable	2022	tt22098808	https://www.imdb.com/title/tt22098808/?ref_=ls_t_41	Three dancers with disabilities seek freedom through movement.	
Dosh	2023	tt28712304	https://www.imdb.com/title/tt28712304/?ref_=ls_t_42	When her son's life is put at risk at their family's pre-wedding ritual, a hard-of-hearing mother must decide how to seek help for her husband in order to keep her family safe. DOSH (which means "fault" in Hindi) is an immigrant story about love, family, and overcoming cultural taboos around mental health.	
Tarneit	2022	tt20237776	https://www.imdb.com/title/tt20237776/?ref_=ls_t_43	Inspired by stories of a distant place, best friends Tyrone and Clinton must fight to find a way out of Tarneit, a place surrounded by violence and tradition.	
Planet of Snail	2011	tt2057455	https://www.imdb.com/title/tt2057455/?ref_=ls_t_45	Young-Chan comes from planet of snail where deaf blind people live slow and quiet lives. When Young-Chan came to Earth, nobody understood his language and he was desperate. Then an angel walked into his life. Soon-Ho knows how it is to be lonely and soon becomes an inseparable part of his life. Young-Chan also discovers an amazing world under his fingers as he learned to read books with braille. Hopes began to grow and he dreams of writing a book. However, Soon-Ho cannot always be there for him because of her own problem of spine disability. The couple now should learn to survive alone. While Soon-Ho uneasily spends her first day waiting for his return, Young-Chan goes out for the biggest adventure of his life.	
Ingelore	2009	tt1533738	https://www.imdb.com/title/tt1533738/?ref_=ls_t_46	Ingelore Herz Honigstein was born in 1924 to Jewish parents in Kuppenheim Germany. She is deaf. As an expression of their embarrassment over their mute child, her parents ignore her and make no attempt at communication. She is sent to a variety of schools and tutors where she learns the most rudimentary forms of language. At the age of six she says her first word. At the age of twelve she finally constructs a complete sentence. She enters the first grade at the age of 13 and for the first time comes into contact with other deaf children. Her short lived education is interrupted by Kristalnact when she is thrown out of school and sent home. Ingelore offers a unique perspective on the Holocaust. Through her eyes we see the shifts in her classmates and neighbors attitudes. She witnesses her father being taken and then released from Dachau She is raped by Nazi cadets on the streets of Berlin, negotiates for her life with an unfeeling official at the US Consulate in Stuttgart and finally escapes Germany for the United States where she learns that she is now pregnant as a result of the rape. Her amazing life shapes her into an extraordinary teacher and we learn the power of light over darkness. 'Ingelore' is more than a biography it is a meditation on freedom both physical and emotional.	
Signs and Gestures	2021	tt10569678	https://www.imdb.com/title/tt10569678/?ref_=ls_t_47	Signs and Gestures is a different film about a blind date. Clara relies on sound and touch to communicate, while Simon uses BSL. They both don't know this about each other when they decide to meet up. Will they find a way to connect?	
No Ordinary Hero: The Super Deafy Movie	2013	tt2907898	https://www.imdb.com/title/tt2907898/?ref_=ls_t_48	A deaf actor who plays a superhero must inspire a deaf boy to believe in himself.	
The Loud Song of Silence	2023	tt30219705	https://www.imdb.com/title/tt30219705/?ref_=ls_t_49	About an actress of the theater "Nedoslov", Daria Katidi - a disabled child with congenital absolute deafness. Born in Omsk, in a family of deaf parents, she was able to overcome all prohibitions and obstacles and become the leading actress of the capital's theater.	
Hear in Between	2023	tt30220026	https://www.imdb.com/title/tt30220026/?ref_=ls_t_50	Muhammad Raditya Firmansyah, who is familiarly called Radit, is a deaf child from Tenggarong, Kutai Kartanegara, East Kalimantan. Radit is nicknamed as The Blue Eyes because his eye color is different from the eye color of the people in his environment due to a genetic disorder (Waardenburg Syndrome) that also affects his hearing. At the age of 13, Radit still doesn't use hearing aids, so his communication skills are still limited in visual form. Radit's parents also tried so that their son could hear voices, even though he was only able to write.	
I Am CODA	2023	tt30220081	https://www.imdb.com/title/tt30220081/?ref_=ls_t_51	The film takes us into the large Sedlácek and Pulpán family, where the only hearing members are their children - CODA. In the 1980's, the term CODA was coined for these children, which is an abbreviation for Children Of Deaf Adults - loosely translated from English as hearing children of deaf parents. The main protagonist is a sixteen-year-old hearing girl, Jolanka, who lives in the shared custody of her deaf parents. She is trying to find her place "in between" these two worlds. We follow her daily life full of challenges, obstacles and joys, whether she is in hearing or deaf world. "I am CODA" brings viewers a unique insight into the lives of family members from two different language cultures, a view of their communication in spoken and sign language. All of this leaves us with a deep awareness of the power of the human spirit and a desire to understand all those who share their worlds with us.	
Tharcisse A.K.A Drogba: The Deaf Shoe Maker	2023	tt30220033	https://www.imdb.com/title/tt30220033/?ref_=ls_t_52	Tharcise was born deaf. After his parents died he was adopted in a very poor family but after some time an organization that supports youths who live with a disability helped him and taught him how to make shoes. Now his life has changed as he can be able to make shoes, sell and earn some money to support himself and his adoptive mother. It has also boosted his morale.	
The Sound of the Sea	2023	tt30219733	https://www.imdb.com/title/tt30219733/?ref_=ls_t_53	Desyrèe did not pass the audiological screening at birth and the parents are given the news that the child suffers from profound bilateral deafness. Anxiety seizes them with force but science will find a solution for them and a world made of sounds will open up for Desyrèe.	
Do You Understand?	2023	tt30220057	https://www.imdb.com/title/tt30220057/?ref_=ls_t_54	A film produced by Jack Smallwood will portray the emotions expressed by D/deaf people via a short BSL poem created specifically for this project. The poem will tackle the concept of dual identity with D/deafness in relation to selfhood. This short film features people who are deaf/hard of hearing and are born, raised and live in Wolverhampton.	
El poder de las manos	2023	tt30219647	https://www.imdb.com/title/tt30219647/?ref_=ls_t_55	A journey-documentary that tells the story of the life and journey of Esmeralda, from birth to adulthood. With the participation of other deaf people, who add different experiences, but who coincide in the problems and the confusion that the environment generates for them. Confusion that, at the same time, from another point of view, is shared by the director, Raquel Abellán, who, through her voice-over, narrates throughout the documentary the experience of a hearing person who finds it difficult to understand some things about the deaf community but at the same time discovers a completely new and magical world where there is only silence.	
Speak in a Whisper	2022	tt22175208	https://www.imdb.com/title/tt22175208/?ref_=ls_t_56	In the middle of what would have otherwise been a banal evening, everything Céleste has been trying to hide comes to light.	
Lacrimosa	2017	tt3700500	https://www.imdb.com/title/tt3700500/?ref_=ls_t_57	The semi-autobiographical story of Justin, a young deaf man growing up in a hearing world.	
What?	2021	tt10988894	https://www.imdb.com/title/tt10988894/?ref_=ls_t_58	WHAT? is a black and white, silent (and signing) comedy about a struggling deaf actor, sick of agreeing to increasingly humiliating tasks just to get a role, who decides to take matters into his own - hands.	
Changer: A Hand telling	2022	tt31033884	https://www.imdb.com/title/tt31033884/?ref_=ls_t_59	Released last year as a radio play, renowned Deaf storyteller Howie Seago worked with original adapters Fern Naomi Renville and Roger Fernandes to create this first-of-its-kind, sign-language-based film featuring two Deaf Native storytellers. This film takes the original audio and augments it with gorgeous Lower Elwha S’Klallam landscapes and visual storytelling created for the screen. 	
Four Deaf Yorkshiremen and a Wedding	2022	tt24022248	https://www.imdb.com/title/tt24022248/?ref_=ls_t_60	When Dawn announces that she is getting married, Angus worries that she's chosen the wrong man. He is given numerous tasks as father of the bride and struggles to complete them all before the wedding. Tim becomes protective of Madeline and wants to tell her how he really feels about her. Things start going missing in the village and the men search for a burglar. Will Dawn's wedding day go as planned? A Mutt and Jeff Pictures production in association with Eyewitness Media, written by Charlie Swinbourne, produced by Camilla Arnold and directed and edited by Louis Neethling.	
Four Deaf Yorkshiremen's Contest	2023	tt25152320	https://www.imdb.com/title/tt25152320/?ref_=ls_t_61	Fred struggles to keep up with the other men when Bruno arrives in the village to organise a tough contest. Fred faces a medical emergency that helps him understand the past. Tim struggles with his marriage to Madeline and learns some important lessons. Will everyone make it home safe and sound? What is Fred's big secret? A Mutt and Jeff Pictures production in association with Eyewitness Media, written by Charlie Swinbourne, produced by Camilla Arnold and directed and edited by Louis Neethling.	
Father Tongue	2022	tt25228030	https://www.imdb.com/title/tt25228030/?ref_=ls_t_62	A non-functional relationship between a deaf child and his hard-working father, who struggles to accept his son's deafness.	
Fractal	2023	tt21920010	https://www.imdb.com/title/tt21920010/?ref_=ls_t_63	A Deaf boy calls upon a mysterious creature to find solace from tragedy.	
Veneer	2021	tt14396872	https://www.imdb.com/title/tt14396872/?ref_=ls_t_64	Middle aged sisters Mimi and Martha still live together. In fact, Martha still cooks, cleans and oversees Mimi’s life, afraid that her deaf sister cannot cope on her own. Mimi, in turn, hides behind a veneer of make-up and wigs to avoid confronting her non-starter life. But everything is not what it seems…	
Alfredo Corrado	2023	tt29332083	https://www.imdb.com/title/tt29332083/?ref_=ls_t_65	Julien Bourges partly retraces the life of Alfredo Corrado, an American deaf artist. Today, considered an important figure in the French deaf community, Alfredo Corrrado came to Paris in the late 1970s, at a time when sign language was forbidden and scorned. This unique documentary on Alfredo Corrado recounts the creation of International Visual Theater (IVT) and the adventures of the first deaf theater in France at the Château de Vincennes, which changed the history of deaf people in France.	
Being Michelle	2022	tt10815092	https://www.imdb.com/title/tt10815092/?ref_=ls_t_66	BEING MICHELLE follows the astounding journey of a deaf and disabled woman who survived incarceration under unimaginable circumstances by a system that refused to accommodate her needs as a deaf person with autism. Michelle's trajectory changed when she met Kim Law, a blind volunteer life coach who teaches classes to people in prison. Today, outside of prison, Kim and Michelle are doing the difficult work of unraveling Michelle's history, of telling the story of Michelle's traumatic childhood and her adverse experiences in the criminal justice system. With the support of Kim, Michelle realizes her own voice and strength. Throughout the film Michelle's artwork provides her own depiction of the trauma she survived as well as a means to her recovery. Ultimately, BEING MICHELLE is a story of redemption. It is about the bonds between women committed to thriving in a broken system, who are forging a path to healing that can only come through facing the truth and communicating it, together.	
The Tuba Thieves	2023	tt7741736	https://www.imdb.com/title/tt7741736/?ref_=ls_t_67	From 2011 to 2013, tubas were stolen from Los Angeles high schools. This is not a story about thieves or missing tubas. Instead, it asks what it means to listen.	
Breaking Silence	2023	tt26230522	https://www.imdb.com/title/tt26230522/?ref_=ls_t_68	Follows a Deaf activist and his formerly incarcerated daughter, as they build new bonds through the experiences they've had in the criminal justice system.	
Say Cheese: Coca-Cola Refreshing Films	2022	tt18334802	https://www.imdb.com/title/tt18334802/?ref_=ls_t_69	A male college student invites a Deaf female classmate to see a movie. He mistakenly signs "cheese."	
Here Not Here	2020	tt12133142	https://www.imdb.com/title/tt12133142/?ref_=ls_t_70	Three rival urban groups clash over who should use an abandoned warehouse space. Despite their differences, they find a common language through movement that inspires them to communicate, collaborate and come together.	
Love Life	2022	tt18235306	https://www.imdb.com/title/tt18235306/?ref_=ls_t_71	Taeko and her husband, Jiro, are living a peaceful existence with son, Keita. A tragic accident brings the boy's father, Park, back into her life. Taeko throws herself into helping this deaf and homeless man to cope with pain and guilt.	
Dimensions	2022	tt31241456	https://www.imdb.com/title/tt31241456/?ref_=ls_t_73	After her astronaut mother disappears during a mission, 12-year-old Zoe, a determined Deaf girl, sets out to find her and stumbles upon a monumental discovery that alters the course of human history.	
Interpretation	2023	tt31158752	https://www.imdb.com/title/tt31158752/?ref_=ls_t_75	It's the first day of classes, and an ASL interpreter realizes that it will be a painful semester interpreting for a myopic professor and a smart-ass student.	
Diagnonsense	2022	tt20258226	https://www.imdb.com/title/tt20258226/?ref_=ls_t_76	This powerful narrative drama centers on Patrick, a Deaf man who has been incarcerated in a psychiatric hospital for 36 years after being wrongly diagnosed as a schizophrenic. With the help of a Deaf social worker who understands his dilemma, Patrick appeals for his release.	
Antonella: Mis manos, mi voz	2023	tt30175633	https://www.imdb.com/title/tt30175633/?ref_=ls_t_79	Antonella is the only deaf trans woman in Chile. After the confinement due to Covid 19 in 2021, she traveled to Santiago to perform her first solo show.	
Chocolat Viennois	2021	tt14474434	https://www.imdb.com/title/tt14474434/?ref_=ls_t_80	Gabrielle, a deaf young adult raised in an oralist family, feels like she is missing out on her life. His unexpected meeting with Avril, a deaf signer and proud of it, upsets his way of seeing things.	
Evolution of BSL: A Personal Journey	2012	tt3557178	https://www.imdb.com/title/tt3557178/?ref_=ls_t_82	Documentary about the evolution of British Sign Language (BSL). Presenter Ramon Woolfe takes us on a journey into the development of BSL, as seen through the eyes of of his relatives - Ramon is the eighth generation of his family to be born Deaf. We meet Ramon's grandmother, who refers to her sign language as 'ordinary sign language' while his mother shows how she uses BSL with less English influence. We find out about attempts to preserve regional signs through Ramon's father, and also meet leading figures in the Deaf community, the media and academia to find out about the history of the language, and what the future might hold.	
Deaflympics Running Out of Time?	2021	tt18814068	https://www.imdb.com/title/tt18814068/?ref_=ls_t_83	Documentary (2020). Presenter Aimee Campbell-Nottage looks at the history of the Deaflympic Games, which started in 1924 and continues to pit the best Deaf sportspeople from across the world against each other. Aimee also looks at how the Deaflympics celebrates Deaf culture and brings people from across the world together in a celebration of sport. But, what about the future of the Deaflympics? Is it really Running Out Of Time? Directed and edited by Sebastian Cunliffe, this programme was produced for BSLBT by ITV SignPost.	
Imaginings	2022	tt20881690	https://www.imdb.com/title/tt20881690/?ref_=ls_t_84	In Imaginings a group of six performers (Kitchen's Light), address viewers directly and share, individually and collectively, their struggles and dreams in poetic self-portraits. Against a background of suppression of deaf people and signed languages, these 'signed word' pieces of a new Deaf generation emanate confidence and empowerment. At the same time, they evoke the vulnerabilities that go with being different, confronting viewers implicitly in their openness. In the split-screen opening sequence, the performers lead the viewer into their world, which usually remains 'unheard'. Imaginings shows sign language in poetic form, and reveals the power and beauty of Deaf culture for signing and non-signing viewers alike.	
Love's Labour's Lost: Performed in British Sign Language	2012	tt4547132	https://www.imdb.com/title/tt4547132/?ref_=ls_t_85	The court of Navarre: the King and his three Lords vow to stay away from wine, women and luxury; but when the princess and her ladies from France arrive, they begin to change their minds. As each gives in to his affections and breaks his oath, they all try - unsuccessfully - to keep their love secret from each other.	
Dis?ABLE	2001	tt6144638	https://www.imdb.com/title/tt6144638/?ref_=ls_t_86	A deaf man wakes up one morning and suddenly can hear. Having the option to keep hearing or to go back to being deaf. What does he choose?	
Silent Film	1997	tt0177223	https://www.imdb.com/title/tt0177223/?ref_=ls_t_87	Being brought up by deaf parents did not hinder director Malcolm Venville. Instead, it opened his eyes to a whole new world of vivid images. Silent Film is an 11-minute film documenting his parents' romance.	
Country of the Deaf	1998	tt0143907	https://www.imdb.com/title/tt0143907/?ref_=ls_t_89	Alyosha has a gambling problem and his girlfriend becomes a stripper to help pay off his debt.	Russian hearing actress Dina Korzun portrays Deaf character Yaya, the film portrays a Deaf underworld and a Deaf mafia clan. Russian sign language is used.
Firefly	2023	tt23645408	https://www.imdb.com/title/tt23645408/?ref_=ls_t_90	A young girl who is deaf, living in a Cornish fishing village with her dad and Grandad sees her life change drastically when her dad remarries and goes to work on an oil rig, leaving her with an increasingly abusive stepmother.	
Night Shift	2022	tt31596560	https://www.imdb.com/title/tt31596560/?ref_=ls_t_91	A deaf, female security guard on the night shift observes a man in a midst of a crisis. When they encounter each other they find a new way to communicate.	
See Through	2019	tt8778570	https://www.imdb.com/title/tt8778570/?ref_=ls_t_95	In the moments after a Deaf couple discovers they are pregnant, a coffee shop thrums with everything left unsaid. Starring Tony Award nominee Lauren Ridloff.	
The Device That Turned Me Into a Cyborg Was Born the Same Year I Was	2023	tt25470918	https://www.imdb.com/title/tt25470918/?ref_=ls_t_96	Through visual metaphors and circumstantial installations, Chella Man explores his cyborg identity and personal relationship to the freedom and constraints cochlear implants created.	
Double Discrimination: Made in Britain	2015	tt4271854	https://www.imdb.com/title/tt4271854/?ref_=ls_t_97	Double Discrimination: Made in Britain. Written and Directed by Rinkoo Barpaga, this personal documentary examines whether racism exists in the Deaf community, told from Rinkoo's personal background and perspective (SL).	
Life Is a Gift	2011	tt1995359	https://www.imdb.com/title/tt1995359/?ref_=ls_t_98	An Afghan refugee claiming asylum in he UK has the physical inability to hear or speak as extra burdens to carry on top of his other fears.	
Wonderstruck	2017	tt5208216	https://www.imdb.com/title/tt5208216/?ref_=ls_t_100	Tells the tale of two children separated by fifty years. In 1927, Rose searches for the actress whose life she chronicles in her scrapbook; in 1977, Ben runs away from home to find his father.	
The Hammer	2010	tt1094666	https://www.imdb.com/title/tt1094666/?ref_=ls_t_101	A coming of age drama following the life of Matt Hamill, the first deaf wrestler to win a National Collegiate Wrestling Championship.	
Lake Windfall	2013	tt2432258	https://www.imdb.com/title/tt2432258/?ref_=ls_t_102	The film is a portrait of interactions between deaf, hard of hearing, and hearing people. The lot focuses on five characters in a post-apocalyptic setting. Told with humor and emotion, this film takes a authentic look at three different types of hearing loss experiences. While navigating through this tale of awareness and survival, both hearing and deaf will realize how critical effective communication is to our collective survival.	
A Quiet Place	2018	tt6644200	https://www.imdb.com/title/tt6644200/?ref_=ls_t_103	A family struggles for survival in a world invaded by blind alien creatures with ultra-sensitive hearing.	
The Silent Child	2017	tt6186970	https://www.imdb.com/title/tt6186970/?ref_=ls_t_107	A deaf girl named Libby lives in a world of silence until a caring social worker teaches her to use sign language to communicate.	
Mr. Holland's Opus	1995	tt0113862	https://www.imdb.com/title/tt0113862/?ref_=ls_t_108	A frustrated composer finds fulfillment as a high school music teacher.	
Music Within	2007	tt0422783	https://www.imdb.com/title/tt0422783/?ref_=ls_t_109	Richard Pimentel began his life as a fighter, and his life's work became fighting for the rights of others. After losing his hearing in Nam, he overcame his handicap and used his public speaking skills to inspire injured war veterans.	
Bratz	2007	tt0804452	https://www.imdb.com/title/tt0804452/?ref_=ls_t_114	During their first year of high school, four best girlfriends face off against the domineering student body President, who wants to split them up into different social cliques.	Hearing actor Ian Nelson plays the deaf character Dylan.
The Letter	2024	tt28364288	https://www.imdb.com/title/tt28364288/?ref_=ls_t_115	Deaf drama set in 1930s Nazi Germany.	
Listen to Your Heart	2010	tt1274296	https://www.imdb.com/title/tt1274296/?ref_=ls_t_119	When Danny, a struggling musician, meets Ariana, a hearing-impaired girl, he falls in love with her. Although Ariana is unable to listen to his songs, she manages to inspire him to make great music.	
The Legend of the Mountain Man	2008	tt1786712	https://www.imdb.com/title/tt1786712/?ref_=ls_t_120	Three kids visit their estranged grandparents' Montana ranch and discover an unknown creature, leading to a family healing journey.	
Beyond Silence	1996	tt0116692	https://www.imdb.com/title/tt0116692/?ref_=ls_t_124	Since the earliest days in her childhood Lara has had a difficult but important task. Both her parents are deaf-mute and Lara has to translate from sign-language to the spoken word and vice versa when her parents want to communicate with other people. Getting older and more mature she becomes interested in music and starts to play clarinet very successfully. However her parents are deaf, they cannot share Lara's musical career. The day comes when Lara has to decide between her parents and her own ambitions.	
Universal Signs	2008	tt0494285	https://www.imdb.com/title/tt0494285/?ref_=ls_t_125	After his fiancée's daughter dies while in his care, a deaf man shuts himself off from the world. Haunted by memories, it is only through new friendship that he can learn to forgive, love, and reconnect.	
Sound and Fury	2000	tt0240912	https://www.imdb.com/title/tt0240912/?ref_=ls_t_129	If you could make your deaf child hear, would you? Academy Award-nominated "Sound and Fury" follows the intimate, heart-rending tale of the Artinians, an extended family of deaf and hearing members, across three generations. Together they confront a technological device that can help the deaf to hear but may also threaten deaf culture--and their bonds with one another. For Peter and his wife, both of whom are deaf, a surgical ear implant for their 5-year-old daughter Heather means a choice between two worlds: an unfamiliar hearing world; and the deaf world, a robust culture in its own right united by a uniquely visual and artistic language. Heather Artinian--precocious, vivacious, and avidly curious about implant surgery--is caught between her deaf parents and her hearing grandparents as they argue passionately about her future. The debate is sometimes silent, but by no means quiet. "Sound and Fury" speaks volumes about the choices we make and the battles we fight in order to be heard.	
Godzilla vs. Kong	2021	tt5034838	https://www.imdb.com/title/tt5034838/?ref_=ls_t_131	The epic next chapter in the cinematic Monsterverse pits two of the greatest icons in motion picture history against each other--the fearsome Godzilla and the mighty Kong--with humanity caught in the balance.	
Godzilla x Kong: The New Empire	2024	tt14539740	https://www.imdb.com/title/tt14539740/?ref_=ls_t_132	Two ancient titans, Godzilla and Kong, clash in an epic battle as humans unravel their intertwined origins and connection to Skull Island's mysteries.	
I See the Crowd Roar The Story of William Dummy Hoy	2007	tt1027039	https://www.imdb.com/title/tt1027039/?ref_=ls_t_135	A true story of a courageous boy who becomes a legend. Living a dream that wouldn't die, his passion empowered him to historically change the course of baseball. Facing challenges on every front he conquered all with his belief and determination, as a true hero. A life-changing story.	
Love Is Never Silent	1985	tt0089510	https://www.imdb.com/title/tt0089510/?ref_=ls_t_136	Margaret Ryder has always looked after her deaf parents, Janice and Abel. Long the only contact her folks have had with the speaking world, Margaret struggles with whether she should strike out on her own or not. When Margaret decides to make a change and ends up getting married, her parents interpret the move as a betrayal -- and Margaret is forced to figure out a way to bridge her old life with her new one.	
Sweet Nothing in My Ear	2008	tt1158793	https://www.imdb.com/title/tt1158793/?ref_=ls_t_137	Family drama about a deaf and hearing couple who struggle to decide whether or not to give their deaf son a cochlear implant.	
And Your Name Is Jonah	1979	tt0078776	https://www.imdb.com/title/tt0078776/?ref_=ls_t_138	A couple whose son had been institutionalized after being diagnosed as intellectually disabled are shocked to discover that the diagnosis was wrong: their son is deaf.	
Hear and Now	2007	tt0912587	https://www.imdb.com/title/tt0912587/?ref_=ls_t_139	A documentary memoir following a filmmaker's deaf parents as they receive a complex surgical implant, which allows them to experience sound for the first time.	
Amy	1981	tt0082017	https://www.imdb.com/title/tt0082017/?ref_=ls_t_140	A woman leaves her husband after the death of her child to teach deaf children how to speak. Her own child was deaf and although she has no formal training she successfully teaches one boy.	
Wildflower	1991	tt0103266	https://www.imdb.com/title/tt0103266/?ref_=ls_t_141	An abused, partially-deaf girl is helped back into society by two resourceful children.	
Bridge to Silence	1989	tt0096981	https://www.imdb.com/title/tt0096981/?ref_=ls_t_143	John and Peg are both deaf and they have a six year old daughter, Lisa. On their way to Peg's parents they have a car accident and John is killed. Peg has a nervous breakdown and Peg's mother temporarily takes care of Lisa. But when Peg recovers, her mother won't let her take care of her daughter and files a lawsuit to become Lisa's legal guardian.	
Multi-Handicapped	1986	tt0091570	https://www.imdb.com/title/tt0091570/?ref_=ls_t_144	A portrait of the students at the Alabama Institute for the Deaf and Blind.	
Marie's Story	2014	tt3132714	https://www.imdb.com/title/tt3132714/?ref_=ls_t_145	Marie Heurtin is born both blind and deaf. Sister Marguerette teaches her how to express herself.	Deaf and sighted actress Ariana Rivoire plays historical deafblind figure Marie Heurtin, this film uses French Sign Language.
See What I'm Saying The Deaf Entertainers Documentary	2009	tt1125387	https://www.imdb.com/title/tt1125387/?ref_=ls_t_147	This inspirational documentary follows four deaf entertainers: a comic, drummer, actor and a singer as they attempt to cross over to mainstream audiences. These uniquely talented entertainers overcome great challenges to celebrate success.	
Handscape	2020	tt14924692	https://www.imdb.com/title/tt14924692/?ref_=ls_t_149	Contemporary Shanghai, summer. Xia Qing, a boy who has been wearing hearing aids due to hearing loss, has a deep love for dancing. He gains so much joy just from copying Martha Graham's hand gestures in a dance magazine. A kid with a precocious nature, he sometimes paints his pinky nail red just for that glimpse of beauty. Yet all these passionate pursuits are misunderstood and questioned by his single, deaf mother. Given the opportunity to audition for his favorite dance company once in a blue moon, he has no choice but to return to his body--He seeks his mother's approval and longs to overcome this obscure self-identity crisis, through the silent language on his fingertips.	
Post No Bills	2022	tt11602208	https://www.imdb.com/title/tt11602208/?ref_=ls_t_150	A late-night encounter in a Brooklyn penthouse apartment during a blackout leads to a profound connection between the young handyman and a cleaner.	
Exit the Sun	2011	tt2117875	https://www.imdb.com/title/tt2117875/?ref_=ls_t_152	Two unlikely characters cross paths in a place neither here or there.	
Memories of the Warsaw Ghetto	2016	tt3412084	https://www.imdb.com/title/tt3412084/?ref_=ls_t_153	Told through the memories and drawings of little Genio and narrated by family friend, Bernard Bragg, 'Memories of the Warsaw Ghetto' is a docudrama film about a boyhood resident of that Ghetto, Dr. Eugene Bergman. Deafened early in the war, Genio and his family struggle to survive persecution in Nazi occupied Poland. Behind the Ghetto wall, they find a community of people who refuse to let the Germans strip them of their identity. A community that keeps their culture, their family, and their love alive. But the Germans are determined to destroy them, and their determination is deadly.	
The Girl in the Kidnapper's Lair	2023	tt28833949	https://www.imdb.com/title/tt28833949/?ref_=ls_t_154	Anai, a deaf young man is part of a gang of kidnappers. One victim of theirs is a young girl named Muli, who also happens to be deaf. Over time, Anai and Muli start to become closer through their language and fall in love.	
They	2023	tt27564127	https://www.imdb.com/title/tt27564127/?ref_=ls_t_155	Deaf people navigate finding love with the assistance of artificial intelligence. Communication and identities/differences within the Deaf community are shown.	
Only I Can Hear	2021	tt14490030	https://www.imdb.com/title/tt14490030/?ref_=ls_t_156	In the American Midwest, three hearing teenagers come of age in the vibrant Deaf community. With feet in two worlds, yet fully at home in neither, they seek identity through their shared experience as CODA: Children of Deaf Adults.	
I'll Sleep When You're Dead	2023	tt23367284	https://www.imdb.com/title/tt23367284/?ref_=ls_t_157	A dark comedy pseudo-documentary about a mild-mannered accountant on a mission to hunt down the man who murdered his wife, no matter how big a fool of himself he makes along the way. This groundbreaking film is the first ever revenge comedy entirely in American Sign Language. Produced by an almost entirely deaf cast and crew, and a director who is the father of a deaf son, this film is entirely in American Sign Language and intentionally silent.	
Louder Is Not Always Clearer	2021	tt22793918	https://www.imdb.com/title/tt22793918/?ref_=ls_t_158	Jonny is Deaf - his superpower is lip reading. But that doesn't mean everything makes sense.	
Dawn of the Deaf	2016	tt5644824	https://www.imdb.com/title/tt5644824/?ref_=ls_t_159	When a sonic pulse infects the hearing population, a small group of Deaf people must survive.	
Deaf Day	2011	tt2044761	https://www.imdb.com/title/tt2044761/?ref_=ls_t_160	In Damascus, Syria, a mother prepares her deaf son to leave their home and venture outside to learn how to live in a hearing world. However, it is the son who ends up teaching his mother the value of silence.	
Grisha	2021	tt26315533	https://www.imdb.com/title/tt26315533/?ref_=ls_t_161	GRISHA is film based on Leo Tolstoy's brief and utterly profound story about a lowly peasant, his reach for happiness and the fate that befalls him. It is a stirring meditation on confronting the boundaries that shape and define us. Designed as a cinematic experience for both Deaf and hearing audiences, GRISHA incorporates unique forms of movement, signed languages and spoken English, normalizing each mode of communication into a cohesive whole. In an industry where Deaf actors are mostly typecast for their disability, this film brings together remarkable artists from Deaf and hearing communities from the United States, Europe and the UK. GRISHA features two distinct sign languages developed by Monique Holt, an expert in period-specific sign and contextualization. Over the past year, Holt has been working closely with Writer/Director Ben Stamper to effectively transform Tolstoy’s workaday prose into layered visual and auditory symbolism.	
Beautiful Sounds of Love	2013	tt4300040	https://www.imdb.com/title/tt4300040/?ref_=ls_t_162	A deaf college student falls in love with a guy who can hear. However, with a history of domestic abuse, it is difficult for her to truly commit to the relationship. Throughout, they face many challenges because of the differences in their wolds, as well as the fact that both of their exes are trying to break them up at all costs.	
Live at the Deaf Club		tt12186774	https://www.imdb.com/title/tt12186774/?ref_=ls_t_163	In the late 1970's, nascent punk rock bands struggling to find a home for their raucous and subversive music, found an ideal partner in the most unlikely place: The San Francisco Deaf Club.	
Babel	2006	tt0449467	https://www.imdb.com/title/tt0449467/?ref_=ls_t_165	Tragedy strikes a married couple on vacation in the Moroccan desert, which jump starts an interlocking story involving four different families.	Hearing actress Rinko Kikuchi plays a deaf character who uses Japanese Sign Language
Compensation	1999	tt0223027	https://www.imdb.com/title/tt0223027/?ref_=ls_t_166	The life of a deaf African American woman in the early 1900s parallels with another in the 1990s.	
Koshish	1972	tt0215911	https://www.imdb.com/title/tt0215911/?ref_=ls_t_167	A speech and hearing-impaired couple persists through unforgiving obstacles to be accepted by society and live a life of dignity.	
Your Hands are Whispering	1997	tt4911864	https://www.imdb.com/title/tt4911864/?ref_=ls_t_169	This drama is about a deaf woman and her struggles with love, family and everyday life. This is made of 5 special episodes, aired one per year.	
Feel the Beat	2020	tt10714856	https://www.imdb.com/title/tt10714856/?ref_=ls_t_173	After failing to find success on Broadway, April returns to her hometown and reluctantly is recruited to train a misfit group of young dancers for a big competition.	Deaf actress Shaylee Mansfield plays a Deaf side character who communicates via ASL.
All the Silence	2023	tt29419593	https://www.imdb.com/title/tt29419593/?ref_=ls_t_175	Miriam an actress who is also a sign language teacher, but is not deaf herself, will go on a downward spiral when she learns she will become fully deaf. Despite every deaf person in her life she refuses to accept a world without sound.	
A Silent Agreement	2017	tt6427368	https://www.imdb.com/title/tt6427368/?ref_=ls_t_176	A stammering writer reaches out to an industry mentor, with the encouragement of his profoundly deaf partner, only to be betrayed by the mentor and forced to find his own resilience. This was the first feature film to showcase Auslan.	
Think Me Nothing	1975	tt0164931	https://www.imdb.com/title/tt0164931/?ref_=ls_t_177		
Deaf and - Resignifying Deaf culture in America	2022	tt13452160	https://www.imdb.com/title/tt13452160/?ref_=ls_t_178	"Deaf and - Resignifying Deaf culture in America" is a full length documentary study of Deaf culture in America through a Deaf lens.	
Slow	2023	tt15289510	https://www.imdb.com/title/tt15289510/?ref_=ls_t_179	Dancer Elena and sign language interpreter Dovydas meet and form a beautiful bond. As they dive into a new relationship, they must navigate how to build their own kind of intimacy.	
The Singer	2023	tt28807733	https://www.imdb.com/title/tt28807733/?ref_=ls_t_180	In Glasgow, an unusual creative duo forms a young deaf man and a bitter street busker.	Deaf actor Jamie Rea plays a Deaf character. (BSL is used I believe)
Unsound	2020	tt6051918	https://www.imdb.com/title/tt6051918/?ref_=ls_t_181	A disillusioned musician's romantic spark is ignited by a young trans man as they work to save his community nightclub for the deaf.	
The Silent Natural	2020	tt6506478	https://www.imdb.com/title/tt6506478/?ref_=ls_t_182	William Hoy was one of the first Deaf Major League Baseball players in the 1800's. Being deaf, he introduced hand signals for strike and ball to the game and overcame many obstacles to become one of the greatest players of his time.	
Me and My Wacky Doctor: On Our First Appointment!	2010	tt1693730	https://www.imdb.com/title/tt1693730/?ref_=ls_t_184	A Buster Keaton-esque silent comedy about a Deaf patient trying to get his DLA form signed.	
The Parts You Lose	2019	tt4827922	https://www.imdb.com/title/tt4827922/?ref_=ls_t_187	A young boy in a small North Dakota town befriends a potentially dangerous fugitive.	